"","mean","sd"
"geral",0.992318150636814,0.00374472672389392
"c1",0.995690759811696,0.00222596031436841
"c2",0.98743931690956,0.00623752962669822
"c3",0.991995840406431,0.00900248959520705
"c4",0.992924517603648,0.00524257955723226
