"","mean","sd"
"geral",0.992471524326673,0.00176588445238033
"c1",0.995889637765105,0.00275067680008576
"c2",0.987512367070552,0.0053777299107707
"c3",0.993587395499947,0.00269950562274122
"c4",0.991562974066431,0.0069329892731734
