"","mean","sd"
"geral",0.992010281586538,0.00264162944343527
"c1",0.995352115996742,0.0026179171012607
"c2",0.986699893345026,0.00672348954043106
"c3",0.992997750981801,0.00521568024891453
"c4",0.991729967029137,0.00409967199919896
