"","mean","sd"
"geral",0.992855607939538,0.00303024630473159
"c1",0.996227134155034,0.0021664807050789
"c2",0.987531492342048,0.00570962664503255
"c3",0.993905696941922,0.00473726953902052
"c4",0.992605148287532,0.00608554604779509
