"","mean","sd"
"geral",0.992548034065725,0.00211423550566794
"c1",0.995932795569417,0.00476809465512984
"c2",0.988782724309556,0.00701640256055093
"c3",0.992526640799504,0.00592361769066946
"c4",0.992327568800115,0.00354164960804392
